1, TOMATE ALLONGEE SOUS SERRE OR REUNION VRAC CAT 2 CRT 15KG,12,159
2,AIL CHINOIS PAQUET ORG REUNION CAT 2,18,37
3,AIL FILET 500G ORG CHINE CAT 1 CAL 55/60,26,96
4,AIL ORG REUNION CAT 2,12,101
5,AIL VRAC 10KG ORG CHINE CAT 1 CAL 55/61,18,4
6,ANANAS PCS ORG REUNION CAT 2,26,59
7,ARTICHAUD ORG REUNION CAT 2,12,89
8,AUBERGINE BARQUETTE REUNION CAT 2,18,200
9,AUBERGINE VRAC ORG REUNION CAT 2,26,16
10,AVOCAT PCS ORG REUNION CAT 2,12,58
11,BABA FIGUE ORG REUNION CAT 2,18,155
12,BABADINE ORG REUNION CAT 2,26,137
13,BANANE VRAC ORG REUNION CAT 2,12,70
14,BAZILIQUE PAQUET ORG REUNION CAT 2,18,86
15,BETTERAVE  BARQUETTE REUNION CAT 2,26,201
16,BETTERAVE VRAC ORG REUNION CAT 2,12,18
17,BIBASSE ORG REUNION CAT 2,18,138
18,BISSAP ORG REUNION CAT 2,26,228
19,BOIS SONGEORG REUNION CAT 2,12,152
20,BOUGEON CHOUX ORG REUNION CAT 2,18,105
21,BREDE CHOUHOU ORG REUNION CAT 2,26,104
22,BREDE CITROUILLE PAQUET ORG REUNION CAT 2,12,142
23,BREDE CRESSON ORG REUNION CAT 2,18,181
24,BREDE EPINARD ORG REUNION CAT 2,26,124
25,BREDE PAILLE TERRE PAQUET ORG REUNION CAT 2,12,141
26,BREDE PAQUET ORG REUNION CAT 2,18,74
27,BREDE SAIL ORG REUNION CAT 2,26,40
28,BREDE SINGAPOUR VRAC ORG REUNION CAT 2,12,71
29,BREDE SONGE ORG REUNION CAT 2,18,153
30,BROCOLI VRAC ORG REUNION CAT 2,26,31
31,CALBASE ORIGINE REUNION CAT 2,12,100
32,CAMBAR VRAC ORG REUNION CAT 2,18,85
33,CARAMBOLE ORG REUNION CAT 2,26,131
34,CAROTTE BQT ORG AFS CAT 1,12,221
35,CAROTTE FEUILLE VRAC REUNION CATEGORIE 2,18,175
36,CAROTTE ORG REUNION CAT 2,26,103
37,CAROTTE VRAC ORG CHINE CAT 1 CAL L/XL,12,20
38,CELERI PAQUET ORG REUNION CAT 2,18,38
39,CHAMPIGNON ORG REUNION CAT 2,26,130
40,CHARBON SAC 5KG  CATEGORIE 1,12,67
41,CHOU BROCOLI BARQUETTE REUNION CAT 2,18,202
42,CHOU BROCOLI SOUS FILM REUNION CAT 2,26,196
43,CHOU FLEUR PCS ORG REUNION CAT 2,12,6
44,CHOU RAVE VRAC ORG REUNION CAT 2,18,90
45,CHOU ROUGE VRAC ORG REUNION CAT 2,26,33
46,CHOUCHOU ORG REUNION CAT 2,12,118
47,CHOUX PALMISTE ORG REUNION CAT 2,18,168
48,CHOUX VERT KILO ORG REUNION CAT 2,26,224
49,CHOUX VERT PCS ORG REUNION CAT 2,12,5
50,CITRON CAVIAR ORG REUNION CAT 2,18,179
51,CITRON GALE VRAC REUNION CATEGORIE 2,26,88
52,CITRON VERT  VRAC REUNION CRT  CATEGORIE 2,12,91
53,CITRONS VRAC ORG REUNION CAT 2,18,56
54,CITROUILLE CAP VRAC REUNION CATEGORIE 2,26,48
55,CITROUILLE CHINOIS ORG REUNION CAT 2,12,116
56,CITROUILLE COUPE  BARQUETTE REUNION CAT 2,18,203
57,CITROUILLE CUBE BARQUETTE REUNION CAT 2,26,204
58,CITROUILLE GROSSE ORG REUNION CAT 2,12,65
59,COCO SEC PCS ORG REUN CAT 2,18,76
60,COEUR DE BOEUF ORG REUNION CAT 2,26,81
61,COEUR SONGE ORG REUNION CAT 2,12,99
62,COMBAVAS BQT ORG REUNION CAT 2,18,55
63,CONCOMBRE HOLLANDAIS VRAC REUNION CRT 15PCS CATEGORIE 2,26,176
64,CONCOMBRE PCS ORG REUNION CAT 2,12,21
65,COTON MILI PAQUET ORG REUNION CAT 2,18,35
66,COURGE BUTTERNUT VRAC REUNION CATEGORIE 2,26,158
67,COURGETTE BARQUETTE REUNION CAT 2,12,205
68,COURGETTE JAUNE VRAC ORG REUNION CAT 2,18,121
69,COURGETTE ROND VRAC REUNION CRT 5KG CATEGORIE 2,26,165
70,COURGETTE VRAC ORG REUNION CAT 2,12,14
71,CRESSON ORG REUNION CAT 2,18,192
72,DANCY VRAC ORG REUNION CAT 2,26,193
73,ECHALOTTE VRAC ORG FRANCE CAT 2,12,64
74,ECHALOTTES FILET 500G ORG FRANCE ,18,157
75,ENDIVE VRAC ORG REUNION CAT 2,26,77
76,FENOUIL VRAC REUNION  CATEGORIE 2,12,95
77,FEUILLE BETTERAVE ORG REUNION CAT 2,18,154
78,FLEUR OIGNON PAQUET ORG REUNION CAT 2,26,39
79,FRAISE BQT 250GRS REUNION CATEGORIE 2,12,53
80,FRUIT A PIN VRAC REUNION CATEGORIE 2,18,191
81,FRUIT DE LA PASSION VRAC ORG REUNION CAT 2,26,60
82,GINGEMBRE BARQUETTE REUNION CAT 2,12,206
83,GINGEMBRE MANGUE ORG REUNION CAT 2,18,10
84,GINGEMBRE VRAC ORG REUNION CAT 2,26,9
85,GOYAVE VRAC REUNION CRT 5KG CATEGORIE 2,12,178
86,GRENADELLE ORG REUNION CAT 2,18,187
87,GROS PIMENT BARQUETTE REUNION CAT 2,26,207
88,GROS PIMENT VRAC ORG REUNION CAT 2,12,25
89,GROS POIS VRAC ORG REUNION CAT 2,18,29
90,GROSSE PAPAYE ORG REUNION CAT 2,26,128
91,GROSSE TOMATE  BARQUETTE REUNION CAT 2,12,208
92,GROSSE TOMATE VRAC ORG REUNION CAT 2,18,15
93,HARICOT BEURRE VRAC REUNION CRT 5KG CATEGORIE 2,26,106
94,HARICOT JAUNE BARQUETTE REUNION CAT 2,12,209
95,HARICOT JAUNE VRAC ORG REUNION CAT 2,18,28
96,HARICOT NOIR ORG REUNION CAT 2,26,109
97,HARICOT VERT BARQUETTE REUNION CAT 2,12,210
98,HARICOT VERT VRAC ORG REUNION CAT 2,18,24
99,JUJUBE ORG REUNION CAT 2,26,147
100,KAKI ORG REUNION CAT 2,12,140
101,LA MACHE ORG REUNION CAT 2,18,151
102,LENTILLE ORG  MADAGASCAR,26,167
103,LENTILLES CILAOS ORIGINE REUNION CAT 2,12,194
104,LETCHIS VRAC ORG REUNION CAT 2,18,117
105,LONGANIE VRAC ORG REUNION CAT 2,26,119
106,MAIS VERT VRAC ORG REUNION CAT 2,12,78
107,MANDARINE VRAC ORG REUNION CAT 2,18,80
108,MANGE TOUT VRAC ORG REUNION CAT 2,26,23
109,MANGUE AIDY ORG REUNION CAT 2,12,150
110,MANGUE AMERICAINE VRAC ORG REUNION CAT 2,18,50
111,MANGUE ELISE ORG REUNION CAT 2,26,139
112,MANGUE JOSE VRAC ORG REUNION CAT 2,12,49
113,MANGUE VERT ORG REUNION CAT 2,18,136
114,MANIOC VRAC ORG REUNION CAT 2,26,45
115,MARGOZE BARQUETTE REUNION CAT 2,12,211
116,MARGOZE VRAC ORG REUNION CAT 2,18,27
117,MASSALE PIMENT ORG REUNION CAT 2,26,144
118,MASSALE SANS PIMENT ORG REUNION CAT 2,12,145
119,MELON JAUNE ORG REUNION CAT 2,18,82
120,MENTHE PAQUET ORG REUNION CAT 2,26,36
121,MIEL BOCAL ORG REUNION CAT 2,12,62
122,MIEL BOUTEILLE ORG REUNION CAT 2,18,61
123,MINI CONCOMBRE BARQUETTE REUNION CAT 2,26,212
124,MINI CONCOMBRE ORG REUNION CAT 2,12,94
125,NAVET BARQUETTE REUNION CAT 2,18,213
126,NAVET LONG NOIR VRAC REUNION CATEGORIE 2,26,172
127,NAVET LONG ROUGE VRAC REUNION CATEGORIE 2,12,171
128,NAVET ROND BLANC VRAC REUNION  CATEGORIE 2,18,173
129,NAVET ROND NOIR VRAC REUNION  CATEGORIE 2,26,174
130,NAVET VRAC ORG REUNION CAT 2,12,17
131,OIGNON FILET 2KG ORG INDE CAT 1 CAL 55/60,18,3
132,OIGNON ORG MADAGASCAR FILET 1KG CAT 1 CAL 55/60,26,107
133,OIGNON OROSCOF VRAC ORG FRANCE CAT 1 CAL 80/90,12,63
134,OIGNON VERT KG  ORG REUNION CAT 2,18,87
135,OIGNON VERT ORG REUNION CAT 2,26,13
136,OIGNON VRAC ORG INDE CAT 1 CAL 55/60,12,110
137,OIGNON VRAC ORG MADAGASCAR CAT 1 CAL 55/60,18,2
138,OIGNON VRAC ORG REUNION CAT 2,26,111
139,PAMPLEMOUSSE ORG REUNION CAT 2,12,143
140,PANIER GRAND  ORG MADAGASCAR,18,227
141,PANIER MOYEN  ORG MADAGASCAR,26,226
142,PANIER PETIT ORG MADAGASCAR,12,225
143,PAPAYE VERT ORG REUNION CAT 2,18,127
144,PAPAYE VRAC ORG REUNION CAT 2,26,54
145,PASTEQUE ORG REUNION CAT 2,12,51
146,PASTEQUE SOUS FILM REUNION CAT 2,18,199
147,PATATE CHOUCHOU VRAC ORG REUNION CAT 2,26,79
148,PATATE ROSE ORG REUNION CAT 2,12,163
149,PATATE VRAC ORG REUNION CAT 2,18,44
150,PATISSON ORG REUNION CAT 2,26,97
151,PATOLE VRAC REUNION CRT CATEGORIE 2,12,115
152,PDT BLANCHE FILET 10KG OR. FRANCE VAR. Excellenty CAL 50+ CAT.1 TRAIT. ANTIGERM,18,160
153,PDT BLANCHE VRAC REU CAT 2  VAR. AIDA CAL 35+TRAIT ANTIGERMINA,26,7
154,PDT ROSE VRAC REUNION CRT 15KG CAT 2  VAR. RUBY CAL 35+TRAITEMENT ANTIGERMINA,12,8
155,PECHE PAYS ORG REUNION CAT 2,18,190
156,PEPINO ORG REUNION CAT 2,26,98
157,PERSIL FRISE ORG REUNION CAT 2,12,149
158,PERSIL ORG REUNION CAT 2,18,12
159,PET SA«è ROULE VRAC ORG REUNION CAT 2,26,166
160,PETIT MELON VRAC REUNION CATEGORIE 2,12,52
161,PETIT PIMENT BARQUETTE REUNION CAT 2,18,214
162,PETIT PIMENT CABRIS BARQUETTE REUNION CAT 2,26,215
163,PETIT POIRON VRAC ORG REUNION CAT 2,12,30
164,PETIT POIS ORG REUNION CAT 2,18,156
165,PETITE BANANE ORG REUNION CAT 2,26,57
166,PETITE CITROUILLE VRAC ORG REUNION CAT 2,12,22
167,PETITE TOMATE PLEIN CHAMP VRAC ORIGINE REUNION CAT 1,18,1
168,PETITE TOMATE SOUS SERRE VRAC CAT 2 OR.REUNION,26,66
169,PIMENT CABRI ORG REUNION CAT 2,12,114
170,PIMENT CONFIT ORG REUNION CAT 2,18,126
171,PIMENT VERT VRAC ORG REUNION CAT 2,26,32
172,PIPANGAILLE VRAC REUNION CATEGORIE 2,12,113
173,PISTACHE SEC ORG CHINE CAT 2,18,47
174,PISTACHE VERT VRAC ORG REUNION CAT 2,26,46
175,PITAYA VRAC ORG REUNION CAT 2,12,72
176,POIREAU SOUS FILM  REUNION CAT 2,18,216
177,POIREAU VRAC ORG REUNION CAT 2,26,19
178,POIS DU CAP ORIGINE MADAGASCAR CAT 1,12,195
179,POIS MANGE TOUT BARQUETTE REUNION CAT 2,18,217
180,POIS ORG REUNION CAT 2,26,122
181,POIS ROND BARQUETTE REUNION CAT 2,12,218
182,POIVRON COULEUR BARQUETTE REUNION CAT 2,18,197
183,POIVRON JAUNE VRAC REUNION  CATEGORIE 2,26,164
184,POIVRON ORANGE VRAC REUNION CATEGORIE 2,12,169
185,POIVRON ROUGE VRAC REUNION CATEGORIE 2,18,84
186,POIVRON VERT BARQUETTE REUNION CAT 2,26,219
187,POIVRON VERT VRAC ORG REUNION CAT 2,12,26
188,POMELOS PAYS VRAC REUNION CRT 10KG CATEGORIE 2,18,170
189,POMME EN LAIR ORG REUNION CAT 2,26,125
190,POMME PEROU ORG REUNION CAT 2,12,120
191,POTIRON VRAC REUNION CAT 2,18,177
192,PRUNE PAYS ORG REUNION CAT 2,26,108
193,RADIS BLANC ORG REUNION CAT 2,12,162
194,RADIS BOTTE ORG REUNION CAT 2,18,34
195,ROQUETTE ORG REUNION CAT 2,26,182
196,ROUROUTE ORG REUNION CAT 2,12,146
197,RUBARBE ORG REUNION CAT 2,18,135
198,SACHET IMPORT,26,68
199,SAFRAN ORG REUNION CAT 2,12,132
200,SALADE KG ORG REUNION CAT 2,18,189
201,SALADE PCS ORG REUNION CAT 2,26,69
202,SAPOTE ORG REUNION CAT 2,12,133
203,SIROP BISSAP ORG REUNION CAT 2,18,222
204,SIROP CANNELLE ORG REUNION CAT 2,26,184
205,SIROP GERANIUM ORG REUNION CAT 2,12,186
206,SIROP GINGEMBRE ORG REUNION CAT 2,18,185
207,SIROP SAFRAN ORG REUNION CAT 2,26,183
208,SONGE GRISE VRAC ORG REUNION CAT 2,12,42
209,SONGE MAURICE VRAC ORG REUNION CAT 2,18,43
210,SPECIAL ROUGAIL TOMATE REUNION CAT 2,26,220
211,TAMARIN PAYS VRAC ORG REUNION CAT 2,12,92
212,TANGOR VRAC ORG REUNION CAT 2,18,73
213,THYM ORG REUNION CAT 2,26,11
214,TOMATE ALLONGEE BARQUETTE REUNION CAT 2,12,198
215,TOMATE ARBUSTE VRAC REUNION CRT 5KG CATEGORIE 2,18,83
216,TOMATE CERISE BQT ORG REUNION CAT 2,26,93
217,TOMATE COEUR Bè?UF ORG REUNION CAT 2,12,188
218,TOMATE GRAPPE ORG REUNION CAT 2,18,161
219,TOMATE PLATE ORG REUNION CAT 2,26,223
220,VANNE ORG MADAGASCAR,12,129
221,VIN DE CILAOS ORG REUNION CAT 2,18,148
222,WOEME VRAC OR.REUNION CATEGORIE 2,26,112
223,ZAMBROVATE ORG REUNION CAT 2,12,134
224,ZANTAC VRAC ORIGINE REUNION CATEGORIE 2,18,102
225,ZANZIBAR VRAC ORIGINE REUNION  CATEGORIE 2,26,180
226,ZATTE VRAC ORG REUNION CAT 2,12,75
227,ZEVI ORG REUNION CAT 2,18,123
